[
    {
        "id": "KB0033",
        "title": "İnce Memed",
        "author": "Yaşar Kemal",
        "status": "Mevcut"
    },
    {
        "id": "KB0034",
        "title": "Tutunamayanlar",
        "author": "Oğuz Atay",
        "status": "Kayıp"
    },
    {
        "id": "KB0035",
        "title": "Saatleri Ayarlama Enstitüsü",
        "author": "Ahmet Hamdi Tanpınar",
        "status": "Mevcut"
    },
    {
        "id": "KB0036",
        "title": "Yüzyıllık Yalnızlık",
        "author": "Gabriel Garcia Marquez",
        "status": "Mevcut"
    },
    {
        "id": "KB0037",
        "title": "Suç ve Ceza",
        "author": "Fyodor Dostoyevski",
        "status": "Kayıp"
    },
    {
        "id": "KB0038",
        "title": "Kürk Mantolu Madonna",
        "author": "Sabahattin Ali",
        "status": "Mevcut"
    },
    {
        "id": "KB0039",
        "title": "1984",
        "author": "George Orwell",
        "status": "Mevcut"
    },
    {
        "id": "KB0040",
        "title": "Sefiller",
        "author": "Victor Hugo",
        "status": "Kayıp"
    },
    {
        "id": "KB0041",
        "title": "Don Kişot",
        "author": "Miguel de Cervantes",
        "status": "Mevcut"
    },
    {
        "id": "KB0042",
        "title": "Küçük Prens",
        "author": "Antoine de Saint-Exupéry",
        "status": "Mevcut"
    }
]